referenceNumber,name,username,email,password,accountType,isVerified,phoneNumber,gender,birthDay,birthMonth,birthYear,address,profile
1,Yousef Said,YousefSaid01,youssefmoustafa220177@gmail.com,qwerty1234,User,0,01006224467,0,28,6,2004,1345 Elkhazan street,media/YousefSaid01/YUGI2204.jpg
2,Adham Ashraf,adhamashraf,adhamashraf@example.com,123456789,User,0,01550340224,0,16,11,2009,qwertyuiop,media/adhamashraf/logo.png
3,Youssef Mohamed,jooe,yousefm@email.com,qwerty12345,User,0,01006393193,0,28,6,2004,qwertyui,media/jooe/YUGI2204.jpg
4,Mohamed Hozien,Hozien,Hozo@email.com,123456789,User,0,01112772733,0,28,6,2004,fvghbjkml,media/Hozien/YUGI2204.jpg
